"DP3_C0","DP3_C1","DP3_C10","DP3_C100","DP3_C101","DP3_C102","DP3_C103","DP3_C104","DP3_C105","DP3_C106","DP3_C107","DP3_C108","DP3_C109","DP3_C11","DP3_C110","DP3_C111","DP3_C112","DP3_C113","DP3_C114","DP3_C115","DP3_C116","DP3_C117","DP3_C118","DP3_C119","DP3_C12","DP3_C120","DP3_C121","DP3_C122","DP3_C123","DP3_C124","DP3_C125","DP3_C126","DP3_C127","DP3_C128","DP3_C129","DP3_C13","DP3_C130","DP3_C131","DP3_C132","DP3_C133","DP3_C134","DP3_C135","DP3_C136","DP3_C137","DP3_C138","DP3_C139","DP3_C14","DP3_C140","DP3_C141","DP3_C142","DP3_C143","DP3_C144","DP3_C145","DP3_C146","DP3_C147","DP3_C148","DP3_C149","DP3_C15","DP3_C150","DP3_C151","DP3_C152","DP3_C153","DP3_C154","DP3_C155","DP3_C156","DP3_C157","DP3_C158","DP3_C159","DP3_C16","DP3_C160","DP3_C161","DP3_C162","DP3_C163","DP3_C164","DP3_C165","DP3_C166","DP3_C167","DP3_C168","DP3_C169","DP3_C17","DP3_C170","DP3_C171","DP3_C172","DP3_C173","DP3_C174","DP3_C175","DP3_C176","DP3_C177","DP3_C18","DP3_C19","DP3_C2","DP3_C20","DP3_C21","DP3_C22","DP3_C23","DP3_C24","DP3_C25","DP3_C26","DP3_C27","DP3_C28","DP3_C29","DP3_C3","DP3_C30","DP3_C31","DP3_C32","DP3_C33","DP3_C34","DP3_C35","DP3_C36","DP3_C37","DP3_C38","DP3_C39","DP3_C4","DP3_C40","DP3_C41","DP3_C42","DP3_C43","DP3_C44","DP3_C45","DP3_C46","DP3_C47","DP3_C48","DP3_C49","DP3_C5","DP3_C50","DP3_C51","DP3_C52","DP3_C53","DP3_C54","DP3_C55","DP3_C56","DP3_C57","DP3_C58","DP3_C59","DP3_C6","DP3_C60","DP3_C61","DP3_C62","DP3_C63","DP3_C64","DP3_C65","DP3_C66","DP3_C67","DP3_C68","DP3_C69","DP3_C7","DP3_C70","DP3_C71","DP3_C72","DP3_C73","DP3_C74","DP3_C75","DP3_C76","DP3_C77","DP3_C78","DP3_C79","DP3_C8","DP3_C80","DP3_C81","DP3_C82","DP3_C83","DP3_C84","DP3_C85","DP3_C86","DP3_C87","DP3_C88","DP3_C89","DP3_C9","DP3_C90","DP3_C91","DP3_C92","DP3_C93","DP3_C94","DP3_C95","DP3_C96","DP3_C97","DP3_C98","DP3_C99","DP3_E1","DP3_E10","DP3_E11","DP3_E12","DP3_E13","DP3_E14","DP3_E15","DP3_E16","DP3_E17","DP3_E18","DP3_E19","DP3_E2","DP3_E20","DP3_E21","DP3_E22","DP3_E23","DP3_E24","DP3_E25","DP3_E26","DP3_E27","DP3_E28","DP3_E29","DP3_E3","DP3_E30","DP3_E31","DP3_E32","DP3_E33","DP3_E34","DP3_E35","DP3_E36","DP3_E4","DP3_E5","DP3_E6","DP3_E7","DP3_E8","DP3_E9","GEO_ID","NAME"
"Number!!EMPLOYMENT STATUS!!Population 16 years and over","Percent!!EMPLOYMENT STATUS!!Population 16 years and over","Number!!EMPLOYMENT STATUS!!Population 16 years and over!!In labor force!!Civilian labor force!!Percent of civilian labor force","Number!!INCOME IN 1999!!Households!!$35,000 to $49,999","Percent!!INCOME IN 1999!!Households!!$35,000 to $49,999","Number!!INCOME IN 1999!!Households!!$50,000 to $74,999","Percent!!INCOME IN 1999!!Households!!$50,000 to $74,999","Number!!INCOME IN 1999!!Households!!$75,000 to $99,999","Percent!!INCOME IN 1999!!Households!!$75,000 to $99,999","Number!!INCOME IN 1999!!Households!!$100,000 to $149,999","Percent!!INCOME IN 1999!!Households!!$100,000 to $149,999","Number!!INCOME IN 1999!!Households!!$150,000 to $199,999","Percent!!INCOME IN 1999!!Households!!$150,000 to $199,999","Number!!EMPLOYMENT STATUS!!Population 16 years and over!!In labor force!!Armed Forces","Number!!INCOME IN 1999!!Households!!$200,000 or more","Percent!!INCOME IN 1999!!Households!!$200,000 or more","Number!!INCOME IN 1999!!Households!!Median household income (dollars)","Number!!INCOME IN 1999!!Households!!With earnings","Percent!!INCOME IN 1999!!Households!!With earnings","Number!!INCOME IN 1999!!Households!!With earnings!!Mean earnings (dollars)","Number!!INCOME IN 1999!!Households!!With Social Security income","Percent!!INCOME IN 1999!!Households!!With Social Security income","Number!!INCOME IN 1999!!Households!!With Social Security income!!Mean Social Security income (dollars)","Number!!INCOME IN 1999!!Households!!With Supplemental Security Income","Percent!!EMPLOYMENT STATUS!!Population 16 years and over!!In labor force!!Armed Forces","Percent!!INCOME IN 1999!!Households!!With Supplemental Security Income","Number!!INCOME IN 1999!!Households!!With Supplemental Security Income!!Mean Supplemental Security Income (dollars)","Number!!INCOME IN 1999!!Households!!With public assistance income","Percent!!INCOME IN 1999!!Households!!With public assistance income","Number!!INCOME IN 1999!!Households!!With public assistance income!!Mean public assistance income (dollars)","Number!!INCOME IN 1999!!Households!!With retirement income","Percent!!INCOME IN 1999!!Households!!With retirement income","Number!!INCOME IN 1999!!Households!!With retirement income!!Mean retirement income (dollars)","Number!!INCOME IN 1999!!Families","Percent!!INCOME IN 1999!!Families","Number!!EMPLOYMENT STATUS!!Population 16 years and over!!Not in labor force","Number!!INCOME IN 1999!!Families!!Less than $10,000","Percent!!INCOME IN 1999!!Families!!Less than $10,000","Number!!INCOME IN 1999!!Families!!$10,000 to $14,999","Percent!!INCOME IN 1999!!Families!!$10,000 to $14,999","Number!!INCOME IN 1999!!Families!!$15,000 to $24,999","Percent!!INCOME IN 1999!!Families!!$15,000 to $24,999","Number!!INCOME IN 1999!!Families!!$25,000 to $34,999","Percent!!INCOME IN 1999!!Families!!$25,000 to $34,999","Number!!INCOME IN 1999!!Families!!$35,000 to $49,999","Percent!!INCOME IN 1999!!Families!!$35,000 to $49,999","Percent!!EMPLOYMENT STATUS!!Population 16 years and over!!Not in labor force","Number!!INCOME IN 1999!!Families!!$50,000 to $74,999","Percent!!INCOME IN 1999!!Families!!$50,000 to $74,999","Number!!INCOME IN 1999!!Families!!$75,000 to $99,999","Percent!!INCOME IN 1999!!Families!!$75,000 to $99,999","Number!!INCOME IN 1999!!Families!!$100,000 to $149,999","Percent!!INCOME IN 1999!!Families!!$100,000 to $149,999","Number!!INCOME IN 1999!!Families!!$150,000 to $199,999","Percent!!INCOME IN 1999!!Families!!$150,000 to $199,999","Number!!INCOME IN 1999!!Families!!$200,000 or more","Percent!!INCOME IN 1999!!Families!!$200,000 or more","Number!!EMPLOYMENT STATUS!!Females 16 years and over","Number!!INCOME IN 1999!!Families!!Median family income (dollars)","Number!!INCOME IN 1999!!Families!!Per capita income (dollars)","Number!!INCOME IN 1999!!Families!!Median earnings (dollars)!!Male full-time, year-round workers","Number!!INCOME IN 1999!!Families!!Median earnings (dollars)!!Female full-time, year-round workers","Number!!POVERTY STATUS IN 1999 (below poverty level)!!Families","Percent!!POVERTY STATUS IN 1999 (below poverty level)!!Families!!Percent below poverty level","Number!!POVERTY STATUS IN 1999 (below poverty level)!!Families!!With related children under 18 years","Percent!!POVERTY STATUS IN 1999 (below poverty level)!!Families!!With related children under 18 years!!Percent below poverty level","Number!!POVERTY STATUS IN 1999 (below poverty level)!!Families!!With related children under 18 years!!With related children under 5 years","Percent!!POVERTY STATUS IN 1999 (below poverty level)!!Families!!With related children under 18 years!!With related children under 5 years!!Percent below poverty level","Percent!!EMPLOYMENT STATUS!!Females 16 years and over","Number!!POVERTY STATUS IN 1999 (below poverty level)!!Families with female householder, no husband present","Percent!!POVERTY STATUS IN 1999 (below poverty level)!!Families with female householder, no husband present!!Percent below poverty level","Number!!POVERTY STATUS IN 1999 (below poverty level)!!Families with female householder, no husband present!!With related children under 18 years","Percent!!POVERTY STATUS IN 1999 (below poverty level)!!Families with female householder, no husband present!!With related children under 18 years!!Percent below poverty level","Number!!POVERTY STATUS IN 1999 (below poverty level)!!Families with female householder, no husband present!!With related children under 18 years!!With related children under 5 years","Percent!!POVERTY STATUS IN 1999 (below poverty level)!!Families with female householder, no husband present!!With related children under 18 years!!With related children under 5 years!!Percent below poverty level","Number!!POVERTY STATUS IN 1999 (below poverty level)!!Individuals","Percent!!POVERTY STATUS IN 1999 (below poverty level)!!Individuals!!Percent below poverty level","Number!!POVERTY STATUS IN 1999 (below poverty level)!!Individuals!!18 years and over","Percent!!POVERTY STATUS IN 1999 (below poverty level)!!Individuals!!18 years and over!!Percent below poverty level","Number!!EMPLOYMENT STATUS!!Females 16 years and over!!In labor force","Number!!POVERTY STATUS IN 1999 (below poverty level)!!Individuals!!18 years and over!!65 years and over","Percent!!POVERTY STATUS IN 1999 (below poverty level)!!Individuals!!18 years and over!!65 years and over!!Percent below poverty level","Number!!POVERTY STATUS IN 1999 (below poverty level)!!Individuals!!Related children under 18 years","Percent!!POVERTY STATUS IN 1999 (below poverty level)!!Individuals!!Related children under 18 years!!Percent below poverty level","Number!!POVERTY STATUS IN 1999 (below poverty level)!!Individuals!!Related children under 18 years!!Related children 5 to 17 years","Percent!!POVERTY STATUS IN 1999 (below poverty level)!!Individuals!!Related children under 18 years!!Related children 5 to 17 years!!Percent below poverty level","Number!!POVERTY STATUS IN 1999 (below poverty level)!!Individuals!!Unrelated individuals 15 years and over","Percent!!POVERTY STATUS IN 1999 (below poverty level)!!Individuals!!Unrelated individuals 15 years and over!!Percent below poverty level","Percent!!EMPLOYMENT STATUS!!Females 16 years and over!!In labor force","Number!!EMPLOYMENT STATUS!!Females 16 years and over!!In labor force!!Civilian labor force","Number!!EMPLOYMENT STATUS!!Population 16 years and over!!In labor force","Percent!!EMPLOYMENT STATUS!!Females 16 years and over!!In labor force!!Civilian labor force","Number!!EMPLOYMENT STATUS!!Females 16 years and over!!In labor force!!Civilian labor force!!Employed","Percent!!EMPLOYMENT STATUS!!Females 16 years and over!!In labor force!!Civilian labor force!!Employed","Number!!EMPLOYMENT STATUS!!Own children under 6 years","Percent!!EMPLOYMENT STATUS!!Own children under 6 years","Number!!EMPLOYMENT STATUS!!Own children under 6 years!!All parents in family in labor force","Percent!!EMPLOYMENT STATUS!!Own children under 6 years!!All parents in family in labor force","Number!!COMMUTING TO WORK!!Workers 16 years and over","Percent!!COMMUTING TO WORK!!Workers 16 years and over","Number!!COMMUTING TO WORK!!Workers 16 years and over!!Car, truck, or van -- drove alone","Percent!!EMPLOYMENT STATUS!!Population 16 years and over!!In labor force","Percent!!COMMUTING TO WORK!!Workers 16 years and over!!Car, truck, or van -- drove alone","Number!!COMMUTING TO WORK!!Workers 16 years and over!!Car, truck, or van -- carpooled","Percent!!COMMUTING TO WORK!!Workers 16 years and over!!Car, truck, or van -- carpooled","Number!!COMMUTING TO WORK!!Workers 16 years and over!!Public transportation (including taxicab)","Percent!!COMMUTING TO WORK!!Workers 16 years and over!!Public transportation (including taxicab)","Number!!COMMUTING TO WORK!!Workers 16 years and over!!Walked","Percent!!COMMUTING TO WORK!!Workers 16 years and over!!Walked","Number!!COMMUTING TO WORK!!Workers 16 years and over!!Other means","Percent!!COMMUTING TO WORK!!Workers 16 years and over!!Other means","Number!!COMMUTING TO WORK!!Workers 16 years and over!!Worked at home","Number!!EMPLOYMENT STATUS!!Population 16 years and over!!In labor force!!Civilian labor force","Percent!!COMMUTING TO WORK!!Workers 16 years and over!!Worked at home","Number!!COMMUTING TO WORK!!Workers 16 years and over!!Mean travel time to work (minutes)","Number!!Employed civilian population 16 years and over","Percent!!Employed civilian population 16 years and over","Number!!Employed civilian population 16 years and over!!OCCUPATION!!Management, professional, and related occupations","Percent!!Employed civilian population 16 years and over!!OCCUPATION!!Management, professional, and related occupations","Number!!Employed civilian population 16 years and over!!OCCUPATION!!Service occupations","Percent!!Employed civilian population 16 years and over!!OCCUPATION!!Service occupations","Number!!Employed civilian population 16 years and over!!OCCUPATION!!Sales and office occupations","Percent!!Employed civilian population 16 years and over!!OCCUPATION!!Sales and office occupations","Percent!!EMPLOYMENT STATUS!!Population 16 years and over!!In labor force!!Civilian labor force","Number!!Employed civilian population 16 years and over!!OCCUPATION!!Farming, fishing, and forestry occupations","Percent!!Employed civilian population 16 years and over!!OCCUPATION!!Farming, fishing, and forestry occupations","Number!!Employed civilian population 16 years and over!!OCCUPATION!!Construction, extraction, and maintenance occupations","Percent!!Employed civilian population 16 years and over!!OCCUPATION!!Construction, extraction, and maintenance occupations","Number!!Employed civilian population 16 years and over!!OCCUPATION!!Production, transportation, and material moving occupations","Percent!!Employed civilian population 16 years and over!!OCCUPATION!!Production, transportation, and material moving occupations","Number!!Employed civilian population 16 years and over!!INDUSTRY!!Agriculture, forestry, fishing and hunting, and mining","Percent!!Employed civilian population 16 years and over!!INDUSTRY!!Agriculture, forestry, fishing and hunting, and mining","Number!!Employed civilian population 16 years and over!!INDUSTRY!!Construction","Percent!!Employed civilian population 16 years and over!!INDUSTRY!!Construction","Number!!EMPLOYMENT STATUS!!Population 16 years and over!!In labor force!!Civilian labor force!!Employed","Number!!Employed civilian population 16 years and over!!INDUSTRY!!Manufacturing","Percent!!Employed civilian population 16 years and over!!INDUSTRY!!Manufacturing","Number!!Employed civilian population 16 years and over!!INDUSTRY!!Wholesale trade","Percent!!Employed civilian population 16 years and over!!INDUSTRY!!Wholesale trade","Number!!Employed civilian population 16 years and over!!INDUSTRY!!Retail trade","Percent!!Employed civilian population 16 years and over!!INDUSTRY!!Retail trade","Number!!Employed civilian population 16 years and over!!INDUSTRY!!Transportation and warehousing, and utilities","Percent!!Employed civilian population 16 years and over!!INDUSTRY!!Transportation and warehousing, and utilities","Number!!Employed civilian population 16 years and over!!INDUSTRY!!Information","Percent!!Employed civilian population 16 years and over!!INDUSTRY!!Information","Percent!!EMPLOYMENT STATUS!!Population 16 years and over!!In labor force!!Civilian labor force!!Employed","Number!!Employed civilian population 16 years and over!!INDUSTRY!!Finance, insurance, real estate, and rental and leasing","Percent!!Employed civilian population 16 years and over!!INDUSTRY!!Finance, insurance, real estate, and rental and leasing","Number!!Employed civilian population 16 years and over!!INDUSTRY!!Professional, scientific, management, administrative, and waste management services","Percent!!Employed civilian population 16 years and over!!INDUSTRY!!Professional, scientific, management, administrative, and waste management services","Number!!Employed civilian population 16 years and over!!INDUSTRY!!Educational, health and social services","Percent!!Employed civilian population 16 years and over!!INDUSTRY!!Educational, health and social services","Number!!Employed civilian population 16 years and over!!INDUSTRY!!Arts, entertainment, recreation, accommodation and food services","Percent!!Employed civilian population 16 years and over!!INDUSTRY!!Arts, entertainment, recreation, accommodation and food services","Number!!Employed civilian population 16 years and over!!INDUSTRY!!Other services (except public administration)","Percent!!Employed civilian population 16 years and over!!INDUSTRY!!Other services (except public administration)","Number!!EMPLOYMENT STATUS!!Population 16 years and over!!In labor force!!Civilian labor force!!Unemployed","Number!!Employed civilian population 16 years and over!!INDUSTRY!!Public administration","Percent!!Employed civilian population 16 years and over!!INDUSTRY!!Public administration","Number!!Employed civilian population 16 years and over!!CLASS OF WORKER!!Private wage and salary workers","Percent!!Employed civilian population 16 years and over!!CLASS OF WORKER!!Private wage and salary workers","Number!!Employed civilian population 16 years and over!!CLASS OF WORKER!!Government workers","Percent!!Employed civilian population 16 years and over!!CLASS OF WORKER!!Government workers","Number!!Employed civilian population 16 years and over!!CLASS OF WORKER!!Self-employed workers in own not incorporated business","Percent!!Employed civilian population 16 years and over!!CLASS OF WORKER!!Self-employed workers in own not incorporated business","Number!!Employed civilian population 16 years and over!!CLASS OF WORKER!!Unpaid family workers","Percent!!Employed civilian population 16 years and over!!CLASS OF WORKER!!Unpaid family workers","Percent!!EMPLOYMENT STATUS!!Population 16 years and over!!In labor force!!Civilian labor force!!Unemployed","Number!!INCOME IN 1999!!Households","Percent!!INCOME IN 1999!!Households","Number!!INCOME IN 1999!!Households!!Less than $10,000","Percent!!INCOME IN 1999!!Households!!Less than $10,000","Number!!INCOME IN 1999!!Households!!$10,000 to $14,999","Percent!!INCOME IN 1999!!Households!!$10,000 to $14,999","Number!!INCOME IN 1999!!Households!!$15,000 to $24,999","Percent!!INCOME IN 1999!!Households!!$15,000 to $24,999","Number!!INCOME IN 1999!!Households!!$25,000 to $34,999","Percent!!INCOME IN 1999!!Households!!$25,000 to $34,999","Percent!!EMPLOYMENT STATUS!!Population 16 years and over!!In labor force!!Civilian labor force!!Percent of civilian labor force","Percent!!INCOME IN 1999!!Families!!Per capita income (dollars)","Percent!!INCOME IN 1999!!Families!!Median earnings (dollars)!!Male full-time, year-round workers","Percent!!INCOME IN 1999!!Families!!Median earnings (dollars)!!Female full-time, year-round workers","Percent!!POVERTY STATUS IN 1999 (below poverty level)!!Families","Number!!POVERTY STATUS IN 1999 (below poverty level)!!Families!!Percent below poverty level","Percent!!POVERTY STATUS IN 1999 (below poverty level)!!Families!!With related children under 18 years","Number!!POVERTY STATUS IN 1999 (below poverty level)!!Families!!With related children under 18 years!!Percent below poverty level","Percent!!POVERTY STATUS IN 1999 (below poverty level)!!Families!!With related children under 18 years!!With related children under 5 years","Number!!POVERTY STATUS IN 1999 (below poverty level)!!Families!!With related children under 18 years!!With related children under 5 years!!Percent below poverty level","Percent!!POVERTY STATUS IN 1999 (below poverty level)!!Families with female householder, no husband present","Percent!!COMMUTING TO WORK!!Workers 16 years and over!!Mean travel time to work (minutes)","Number!!POVERTY STATUS IN 1999 (below poverty level)!!Families with female householder, no husband present!!Percent below poverty level","Percent!!POVERTY STATUS IN 1999 (below poverty level)!!Families with female householder, no husband present!!With related children under 18 years","Number!!POVERTY STATUS IN 1999 (below poverty level)!!Families with female householder, no husband present!!With related children under 18 years!!Percent below poverty level","Percent!!POVERTY STATUS IN 1999 (below poverty level)!!Families with female householder, no husband present!!With related children under 18 years!!With related children under 5 years","Number!!POVERTY STATUS IN 1999 (below poverty level)!!Families with female householder, no husband present!!With related children under 18 years!!With related children under 5 years!!Percent below poverty level","Percent!!POVERTY STATUS IN 1999 (below poverty level)!!Individuals","Number!!POVERTY STATUS IN 1999 (below poverty level)!!Individuals!!Percent below poverty level","Percent!!POVERTY STATUS IN 1999 (below poverty level)!!Individuals!!18 years and over","Number!!POVERTY STATUS IN 1999 (below poverty level)!!Individuals!!18 years and over!!Percent below poverty level","Percent!!POVERTY STATUS IN 1999 (below poverty level)!!Individuals!!18 years and over!!65 years and over","Percent!!INCOME IN 1999!!Households!!Median household income (dollars)","Number!!POVERTY STATUS IN 1999 (below poverty level)!!Individuals!!18 years and over!!65 years and over!!Percent below poverty level","Percent!!POVERTY STATUS IN 1999 (below poverty level)!!Individuals!!Related children under 18 years","Number!!POVERTY STATUS IN 1999 (below poverty level)!!Individuals!!Related children under 18 years!!Percent below poverty level","Percent!!POVERTY STATUS IN 1999 (below poverty level)!!Individuals!!Related children under 18 years!!Related children 5 to 17 years","Number!!POVERTY STATUS IN 1999 (below poverty level)!!Individuals!!Related children under 18 years!!Related children 5 to 17 years!!Percent below poverty level","Percent!!POVERTY STATUS IN 1999 (below poverty level)!!Individuals!!Unrelated individuals 15 years and over","Number!!POVERTY STATUS IN 1999 (below poverty level)!!Individuals!!Unrelated individuals 15 years and over!!Percent below poverty level","Percent!!INCOME IN 1999!!Households!!With earnings!!Mean earnings (dollars)","Percent!!INCOME IN 1999!!Households!!With Social Security income!!Mean Social Security income (dollars)","Percent!!INCOME IN 1999!!Households!!With Supplemental Security Income!!Mean Supplemental Security Income (dollars)","Percent!!INCOME IN 1999!!Households!!With public assistance income!!Mean public assistance income (dollars)","Percent!!INCOME IN 1999!!Households!!With retirement income!!Mean retirement income (dollars)","Percent!!INCOME IN 1999!!Families!!Median family income (dollars)","id","Geographic Area Name"
"217168077","100.0","5.8","17446272","16.5","20540604","19.5","10799245","10.2","8147826","7.7","2322038","2.2","1152137","2502675","2.4","41994","84962743","80.5","56604","27084417","25.7","11320","4615885","0.5","4.4","6320","3629732","3.4","3032","17659058","16.7","17376","72261780","100.0","78347142","4155386","5.8","3115586","4.3","7757397","10.7","8684429","12.0","12377108","17.1","36.1","16130100","22.3","9009327","12.5","6936210","9.6","1983673","2.7","2112564","2.9","112185795","50046","21587","37057","27194","6620945","9.2","5155866","13.6","2562263","17.0","100.0","3315916","26.5","2940459","34.3","1401493","46.4","33899812","12.4","22152954","10.9","64547732","3287774","9.9","11386031","16.1","7974006","15.4","10721935","22.7","57.5","64383493","138820935","57.4","60630069","54.0","21833613","100.0","12787501","58.6","128279228","100.0","97102050","63.9","75.7","15634051","12.2","6067703","4.7","3758982","2.9","1532219","1.2","4184223","137668798","3.3","25.5","129721512","100.0","43646731","33.6","19276947","14.9","34621390","26.7","63.4","951810","0.7","12256138","9.4","18968496","14.6","2426053","1.9","8801507","6.8","129721512","18286005","14.1","4666757","3.6","15221716","11.7","6740102","5.2","3996564","3.1","59.7","8934972","6.9","12061865","9.3","25843029","19.9","10210295","7.9","6320632","4.9","7947286","6212015","4.8","101794361","78.5","18923353","14.6","8603761","6.6","400037","0.3","3.7","105539122","100.0","10067027","9.5","6657228","6.3","13536965","12.8","13519242","12.8","(X)","(X)","(X)","(X)","(X)","(X)","(X)","(X)","(X)","(X)","(X)","(X)","(X)","(X)","(X)","(X)","(X)","(X)","(X)","(X)","(X)","(X)","(X)","(X)","(X)","(X)","(X)","(X)","(X)","(X)","(X)","(X)","(X)","(X)","(X)","(X)","0100000US","United States"
"431799","100.0","5.8","37707","17.1","39735","18.0","20950","9.5","14939","6.8","3917","1.8","3880","3936","1.8","38788","182315","82.5","48672","50841","23.0","10948","8118","0.9","3.7","6015","8541","3.9","2761","38805","17.6","20321","141996","100.0","149106","8549","6.0","7496","5.3","17032","12.0","18054","12.7","24967","17.6","34.5","29519","20.8","17156","12.1","12536","8.8","3392","2.4","3295","2.3","224330","46613","20790","33720","26318","14484","10.2","11844","15.4","6257","20.2","100.0","7316","26.2","6667","33.9","3321","46.2","74987","13.7","49609","12.1","132936","5642","9.1","24526","17.9","16593","16.7","25725","22.9","59.3","132274","282693","59.0","124768","55.6","43345","100.0","25384","58.6","261708","100.0","202555","65.5","77.4","34149","13.0","3866","1.5","6661","2.5","4458","1.7","10019","278813","3.8","21.3","262588","100.0","99571","37.9","41059","15.6","74404","28.3","64.6","328","0.1","23001","8.8","24225","9.2","1092","0.4","18522","7.1","262588","20333","7.7","8922","3.4","31460","12.0","10812","4.1","8932","3.4","60.8","18308","7.0","34870","13.3","55289","21.1","25840","9.8","12761","4.9","16225","15447","5.9","194018","73.9","49436","18.8","18332","7.0","802","0.3","3.8","220939","100.0","21249","9.6","15299","6.9","32036","14.5","31171","14.1","(X)","(X)","(X)","(X)","(X)","(X)","(X)","(X)","(X)","(X)","(X)","(X)","(X)","(X)","(X)","(X)","(X)","(X)","(X)","(X)","(X)","(X)","(X)","(X)","(X)","(X)","(X)","(X)","(X)","(X)","(X)","(X)","(X)","(X)","(X)","(X)","0500000US35001","Bernalillo County, New Mexico"
"2921","100.0","8.9","225","14.2","201","12.7","65","4.1","37","2.3","3","0.2","2","2","0.1","23892","1045","65.8","28208","618","38.9","10920","72","0.1","4.5","6754","70","4.4","1787","362","22.8","17972","1053","100.0","1525","119","11.3","97","9.2","232","22.0","161","15.3","182","17.3","52.2","172","16.3","52","4.9","36","3.4","0","0.0","2","0.2","1433","30742","13951","26064","18315","183","17.4","129","32.7","44","37.0","100.0","65","46.4","58","69.9","18","85.7","860","24.5","577","20.7","594","99","14.9","283","39.6","230","40.3","225","35.0","41.5","592","1396","41.3","548","38.2","192","100.0","95","49.5","1240","100.0","695","47.8","56.0","220","17.7","0","0.0","119","9.6","27","2.2","179","1394","14.4","25.0","1270","100.0","394","31.0","201","15.8","280","22.0","47.7","66","5.2","197","15.5","132","10.4","252","19.8","184","14.5","1270","69","5.4","24","1.9","115","9.1","50","3.9","14","1.1","43.5","35","2.8","51","4.0","218","17.2","87","6.9","84","6.6","124","87","6.9","642","50.6","352","27.7","255","20.1","21","1.7","4.2","1587","100.0","333","21.0","159","10.0","325","20.5","237","14.9","(X)","(X)","(X)","(X)","(X)","(X)","(X)","(X)","(X)","(X)","(X)","(X)","(X)","(X)","(X)","(X)","(X)","(X)","(X)","(X)","(X)","(X)","(X)","(X)","(X)","(X)","(X)","(X)","(X)","(X)","(X)","(X)","(X)","(X)","(X)","(X)","0500000US35003","Catron County, New Mexico"
"45882","100.0","9.0","3687","16.3","3182","14.1","1232","5.5","666","3.0","178","0.8","48","252","1.1","28513","16816","74.5","39526","7422","32.9","10370","1452","0.1","6.4","5356","1407","6.2","2801","3859","17.1","17013","16253","100.0","20521","1683","10.4","1415","8.7","2777","17.1","2760","17.0","2965","18.2","44.7","2593","16.0","1105","6.8","590","3.6","159","1.0","206","1.3","23922","32532","14990","26896","21205","2861","17.6","2319","26.1","1157","32.5","100.0","1153","41.2","1060","48.8","553","69.9","12778","21.3","7610","17.9","11254","1210","13.9","5044","29.1","3592","27.6","2528","29.3","47.0","11246","25361","47.0","10093","42.2","4878","100.0","2278","46.7","22689","100.0","17629","55.3","77.7","3228","14.2","124","0.5","621","2.7","315","1.4","772","25313","3.4","17.1","23028","100.0","6353","27.6","3736","16.2","5731","24.9","55.2","1006","4.4","2563","11.1","3639","15.8","2275","9.9","1575","6.8","23028","2226","9.7","700","3.0","2938","12.8","1216","5.3","408","1.8","50.2","1154","5.0","1449","6.3","4891","21.2","1899","8.2","1214","5.3","2285","1083","4.7","16713","72.6","4147","18.0","2010","8.7","158","0.7","5.0","22559","100.0","3282","14.5","2326","10.3","4251","18.8","3503","15.5","(X)","(X)","(X)","(X)","(X)","(X)","(X)","(X)","(X)","(X)","(X)","(X)","(X)","(X)","(X)","(X)","(X)","(X)","(X)","(X)","(X)","(X)","(X)","(X)","(X)","(X)","(X)","(X)","(X)","(X)","(X)","(X)","(X)","(X)","(X)","(X)","0500000US35005","Chaves County, New Mexico"
"18579","100.0","11.5","1343","16.1","1158","13.9","402","4.8","168","2.0","23","0.3","16","43","0.5","27774","6455","77.4","34978","2212","26.5","10443","583","0.1","7.0","5308","490","5.9","3892","1374","16.5","10915","6336","100.0","8731","809","12.8","566","8.9","1114","17.6","1139","18.0","1089","17.2","47.0","1041","16.4","373","5.9","148","2.3","23","0.4","34","0.5","9674","30714","11731","27652","20078","1365","21.5","1097","28.5","529","32.6","100.0","555","39.2","452","42.9","182","41.9","6054","24.8","3598","21.5","4890","482","17.7","2443","32.0","1769","31.0","1068","36.7","50.5","4890","9848","50.5","4314","44.6","2226","100.0","1309","58.8","8509","100.0","6270","53.0","73.7","1549","18.2","45","0.5","239","2.8","84","1.0","322","9832","3.8","23.5","8703","100.0","2577","29.6","2074","23.8","1848","21.2","52.9","96","1.1","1094","12.6","1014","11.7","446","5.1","718","8.3","8703","607","7.0","135","1.6","917","10.5","389","4.5","107","1.2","46.8","203","2.3","287","3.3","2385","27.4","1114","12.8","324","3.7","1129","1071","12.3","5086","58.4","3006","34.5","536","6.2","75","0.9","6.1","8335","100.0","1360","16.3","816","9.8","1540","18.5","1482","17.8","(X)","(X)","(X)","(X)","(X)","(X)","(X)","(X)","(X)","(X)","(X)","(X)","(X)","(X)","(X)","(X)","(X)","(X)","(X)","(X)","(X)","(X)","(X)","(X)","(X)","(X)","(X)","(X)","(X)","(X)","(X)","(X)","(X)","(X)","(X)","(X)","0500000US35006","Cibola County, New Mexico"
"11135","100.0","6.4","1043","18.0","960","16.6","259","4.5","184","3.2","44","0.8","14","57","1.0","30744","4244","73.2","37677","2047","35.3","11048","245","0.1","4.2","5851","244","4.2","1898","1338","23.1","16482","4004","100.0","4661","312","7.8","258","6.4","594","14.8","724","18.1","805","20.1","41.9","818","20.4","249","6.2","156","3.9","34","0.8","54","1.3","5543","36827","16418","26736","19644","479","12.0","368","19.7","168","29.2","100.0","205","34.6","180","46.0","91","71.1","2039","14.8","1315","12.7","2966","209","9.0","715","21.2","476","18.3","557","24.3","53.5","2964","6474","53.5","2764","49.9","948","100.0","654","69.0","5963","100.0","4229","58.1","70.9","1068","17.9","30","0.5","266","4.5","42","0.7","328","6460","5.5","16.5","6045","100.0","1788","29.6","1168","19.3","1354","22.4","58.0","167","2.8","864","14.3","704","11.6","515","8.5","548","9.1","6045","343","5.7","96","1.6","637","10.5","280","4.6","89","1.5","54.3","297","4.9","268","4.4","1217","20.1","890","14.7","337","5.6","415","528","8.7","3847","63.6","1459","24.1","695","11.5","44","0.7","3.7","5799","100.0","653","11.3","573","9.9","1036","17.9","990","17.1","(X)","(X)","(X)","(X)","(X)","(X)","(X)","(X)","(X)","(X)","(X)","(X)","(X)","(X)","(X)","(X)","(X)","(X)","(X)","(X)","(X)","(X)","(X)","(X)","(X)","(X)","(X)","(X)","(X)","(X)","(X)","(X)","(X)","(X)","(X)","(X)","0500000US35007","Colfax County, New Mexico"
"32829","100.0","6.9","2949","17.5","2298","13.7","836","5.0","493","2.9","113","0.7","2471","175","1.0","28917","13328","79.3","37486","4340","25.8","10909","1015","7.5","6.0","5958","978","5.8","3568","2561","15.2","17518","11966","100.0","12122","1071","9.0","941","7.9","2062","17.2","2104","17.6","2442","20.4","36.9","1950","16.3","729","6.1","413","3.5","86","0.7","168","1.4","16863","33900","15049","25086","19523","1856","15.5","1546","22.3","836","26.7","100.0","867","40.8","791","46.6","398","57.3","8327","19.0","4923","16.2","9024","695","14.3","3355","25.1","2344","24.1","1779","28.1","53.5","8619","20707","51.1","7944","47.1","4389","100.0","2249","51.2","19133","100.0","15061","63.1","78.7","2620","13.7","30","0.2","564","2.9","268","1.4","590","18236","3.1","15.6","16983","100.0","4661","27.4","3099","18.2","4636","27.3","55.5","394","2.3","1954","11.5","2239","13.2","996","5.9","1072","6.3","16983","914","5.4","316","1.9","2763","16.3","1271","7.5","376","2.2","51.7","823","4.8","893","5.3","3788","22.3","1346","7.9","1060","6.2","1253","1365","8.0","11443","67.4","3718","21.9","1762","10.4","60","0.4","3.8","16813","100.0","2293","13.6","1826","10.9","3083","18.3","2747","16.3","(X)","(X)","(X)","(X)","(X)","(X)","(X)","(X)","(X)","(X)","(X)","(X)","(X)","(X)","(X)","(X)","(X)","(X)","(X)","(X)","(X)","(X)","(X)","(X)","(X)","(X)","(X)","(X)","(X)","(X)","(X)","(X)","(X)","(X)","(X)","(X)","0500000US35009","Curry County, New Mexico"
"1786","100.0","5.4","136","14.7","114","12.3","43","4.7","18","1.9","0","0.0","0","6","0.6","25441","621","67.2","33364","403","43.6","10415","62","0.0","6.7","5327","21","2.3","1348","189","20.5","12494","618","100.0","842","58","9.4","38","6.1","130","21.0","106","17.2","120","19.4","47.1","106","17.2","38","6.1","16","2.6","0","0.0","6","1.0","934","32870","14065","25833","18487","84","13.6","65","25.1","26","25.7","100.0","39","44.3","35","64.8","13","68.4","383","17.7","260","15.9","426","79","15.0","123","23.3","90","21.7","109","32.1","45.6","426","944","45.6","396","42.4","144","100.0","107","74.3","893","100.0","673","52.9","75.4","105","11.8","5","0.6","52","5.8","9","1.0","49","944","5.5","16.8","893","100.0","292","32.7","153","17.1","172","19.3","52.9","61","6.8","114","12.8","101","11.3","175","19.6","82","9.2","893","17","1.9","19","2.1","90","10.1","78","8.7","6","0.7","50.0","18","2.0","28","3.1","208","23.3","68","7.6","31","3.5","51","73","8.2","462","51.7","243","27.2","181","20.3","7","0.8","2.9","924","100.0","167","18.1","89","9.6","200","21.6","151","16.3","(X)","(X)","(X)","(X)","(X)","(X)","(X)","(X)","(X)","(X)","(X)","(X)","(X)","(X)","(X)","(X)","(X)","(X)","(X)","(X)","(X)","(X)","(X)","(X)","(X)","(X)","(X)","(X)","(X)","(X)","(X)","(X)","(X)","(X)","(X)","(X)","0500000US35011","De Baca County, New Mexico"
"128197","100.0","9.2","9544","16.0","8746","14.7","4038","6.8","2220","3.7","428","0.7","428","516","0.9","29808","47907","80.5","37955","14318","24.1","10494","2949","0.3","5.0","5714","3568","6.0","3038","10445","17.6","18176","42983","100.0","53223","4652","10.8","3900","9.1","7122","16.6","6481","15.1","7389","17.2","41.5","7092","16.5","3524","8.2","1975","4.6","387","0.9","461","1.1","66104","33576","13999","27215","20883","8676","20.2","7293","28.9","3864","35.6","100.0","3592","42.0","3257","50.1","1645","63.4","43054","25.4","25360","21.4","34197","2323","12.7","17498","34.4","12496","33.3","8876","35.9","51.7","34151","74974","51.7","30884","46.7","15441","100.0","7924","51.3","66761","100.0","51520","58.5","77.2","9753","14.6","303","0.5","1674","2.5","1152","1.7","2359","74546","3.5","21.3","67685","100.0","21855","32.3","12359","18.3","16962","25.1","58.1","1204","1.8","7424","11.0","7881","11.6","2529","3.7","5458","8.1","67685","4716","7.0","1474","2.2","8115","12.0","3072","4.5","1538","2.3","52.8","3076","4.5","4809","7.1","17696","26.1","6091","9.0","3458","5.1","6861","5653","8.4","44947","66.4","17221","25.4","5232","7.7","285","0.4","5.4","59479","100.0","8686","14.6","6383","10.7","10273","17.3","8645","14.5","(X)","(X)","(X)","(X)","(X)","(X)","(X)","(X)","(X)","(X)","(X)","(X)","(X)","(X)","(X)","(X)","(X)","(X)","(X)","(X)","(X)","(X)","(X)","(X)","(X)","(X)","(X)","(X)","(X)","(X)","(X)","(X)","(X)","(X)","(X)","(X)","0500000US35013","Dona Ana County, New Mexico"
"38653","100.0","6.8","3593","18.5","3105","16.0","1240","6.4","595","3.1","178","0.9","19","203","1.0","31998","14678","75.6","40320","5876","30.3","11405","1026","0.0","5.3","5644","880","4.5","2364","3126","16.1","17505","14118","100.0","16549","1225","8.7","987","7.0","2342","16.6","2057","14.6","2862","20.3","42.8","2669","18.9","1087","7.7","549","3.9","158","1.1","182","1.3","20111","36789","15823","31909","19686","1922","13.6","1448","19.0","721","24.9","100.0","751","34.7","651","39.6","341","49.7","8769","17.2","5545","15.3","9702","961","13.4","3140","21.5","2256","20.6","2240","31.8","48.2","9702","22104","48.2","9104","45.3","4224","100.0","2264","53.6","20185","100.0","15564","57.2","77.1","3078","15.2","293","1.5","467","2.3","219","1.1","564","22085","2.8","18.3","20591","100.0","5176","25.1","3520","17.1","5125","24.9","57.1","427","2.1","3373","16.4","2970","14.4","2941","14.3","1413","6.9","20591","1279","6.2","515","2.5","2753","13.4","1090","5.3","348","1.7","53.3","873","4.2","1538","7.5","3720","18.1","1619","7.9","1408","6.8","1494","1094","5.3","15310","74.4","3473","16.9","1702","8.3","106","0.5","3.9","19410","100.0","2536","13.1","1866","9.6","3317","17.1","2777","14.3","(X)","(X)","(X)","(X)","(X)","(X)","(X)","(X)","(X)","(X)","(X)","(X)","(X)","(X)","(X)","(X)","(X)","(X)","(X)","(X)","(X)","(X)","(X)","(X)","(X)","(X)","(X)","(X)","(X)","(X)","(X)","(X)","(X)","(X)","(X)","(X)","0500000US35015","Eddy County, New Mexico"
"23840","100.0","8.0","2234","18.4","1757","14.5","534","4.4","327","2.7","102","0.8","13","74","0.6","29134","8670","71.4","34664","4231","34.9","11080","594","0.1","4.9","6286","734","6.0","2873","2824","23.3","15609","8535","100.0","11419","828","9.7","616","7.2","1508","17.7","1409","16.5","1827","21.4","47.9","1472","17.2","464","5.4","255","3.0","91","1.1","65","0.8","12332","34231","14597","31126","19627","1287","15.1","1010","24.0","531","32.3","100.0","630","38.7","598","48.7","333","62.8","5676","18.7","3570","16.0","5832","459","9.5","2061","25.9","1386","23.4","1393","29.5","47.3","5823","12421","47.2","5436","44.1","2315","100.0","1295","55.9","11185","100.0","8181","52.1","73.1","1671","14.9","29","0.3","511","4.6","186","1.7","607","12408","5.4","19.1","11413","100.0","3412","29.9","2250","19.7","2485","21.8","52.0","72","0.6","1868","16.4","1326","11.6","1617","14.2","1013","8.9","11413","217","1.9","178","1.6","1200","10.5","520","4.6","270","2.4","47.9","450","3.9","573","5.0","3375","29.6","895","7.8","535","4.7","995","570","5.0","7121","62.4","2997","26.3","1240","10.9","55","0.5","4.2","12138","100.0","1725","14.2","1296","10.7","2242","18.5","1847","15.2","(X)","(X)","(X)","(X)","(X)","(X)","(X)","(X)","(X)","(X)","(X)","(X)","(X)","(X)","(X)","(X)","(X)","(X)","(X)","(X)","(X)","(X)","(X)","(X)","(X)","(X)","(X)","(X)","(X)","(X)","(X)","(X)","(X)","(X)","(X)","(X)","0500000US35017","Grant County, New Mexico"
"3676","100.0","7.7","260","15.7","172","10.4","60","3.6","14","0.8","4","0.2","0","2","0.1","24783","1185","71.3","30273","542","32.6","8755","147","0.0","8.9","6010","98","5.9","2304","276","16.6","11149","1171","100.0","1945","149","12.7","147","12.6","202","17.3","252","21.5","216","18.4","52.9","142","12.1","46","3.9","13","1.1","4","0.3","0","0.0","1614","28279","11241","22463","18500","212","18.1","152","23.5","57","25.9","100.0","91","41.7","84","49.1","23","62.2","902","21.6","628","20.7","812","118","19.4","273","24.1","203","23.1","284","42.8","50.3","812","1731","50.3","770","47.7","308","100.0","174","56.5","1554","100.0","1154","47.1","74.3","267","17.2","2","0.1","67","4.3","25","1.6","39","1731","2.5","17.6","1598","100.0","421","26.3","481","30.1","308","19.3","47.1","16","1.0","210","13.1","162","10.1","84","5.3","176","11.0","1598","21","1.3","4","0.3","174","10.9","82","5.1","18","1.1","43.5","25","1.6","65","4.1","362","22.7","357","22.3","57","3.6","133","173","10.8","951","59.5","524","32.8","118","7.4","5","0.3","3.6","1661","100.0","377","22.7","197","11.9","263","15.8","312","18.8","(X)","(X)","(X)","(X)","(X)","(X)","(X)","(X)","(X)","(X)","(X)","(X)","(X)","(X)","(X)","(X)","(X)","(X)","(X)","(X)","(X)","(X)","(X)","(X)","(X)","(X)","(X)","(X)","(X)","(X)","(X)","(X)","(X)","(X)","(X)","(X)","0500000US35019","Guadalupe County, New Mexico"
"678","100.0","3.2","55","15.0","61","16.7","9","2.5","12","3.3","0","0.0","0","3","0.8","26111","246","67.2","33390","198","54.1","10597","26","0.0","7.1","4788","15","4.1","3793","79","21.6","13438","224","100.0","302","22","9.8","11","4.9","42","18.8","29","12.9","39","17.4","44.5","60","26.8","9","4.0","12","5.4","0","0.0","0","0.0","339","36667","16240","22750","15750","29","12.9","27","30.7","6","28.6","100.0","15","34.1","13","76.5","0","(X)","132","16.3","81","12.5","165","27","11.3","51","31.3","45","32.4","38","24.7","48.7","165","376","48.7","158","46.6","28","100.0","10","35.7","360","100.0","218","55.5","60.6","60","16.7","3","0.8","25","6.9","4","1.1","50","376","13.9","21.1","364","100.0","144","39.6","53","14.6","57","15.7","55.5","48","13.2","43","11.8","19","5.2","117","32.1","21","5.8","364","15","4.1","2","0.5","16","4.4","14","3.8","5","1.4","53.7","7","1.9","10","2.7","72","19.8","27","7.4","7","1.9","12","51","14.0","142","39.0","136","37.4","68","18.7","18","4.9","1.8","366","100.0","64","17.5","35","9.6","76","20.8","51","13.9","(X)","(X)","(X)","(X)","(X)","(X)","(X)","(X)","(X)","(X)","(X)","(X)","(X)","(X)","(X)","(X)","(X)","(X)","(X)","(X)","(X)","(X)","(X)","(X)","(X)","(X)","(X)","(X)","(X)","(X)","(X)","(X)","(X)","(X)","(X)","(X)","0500000US35021","Harding County, New Mexico"
"4280","100.0","9.7","329","15.3","268","12.5","93","4.3","56","2.6","12","0.6","3","14","0.7","24819","1594","74.1","33723","664","30.9","9520","152","0.1","7.1","5941","153","7.1","3180","343","15.9","14301","1545","100.0","1930","229","14.8","170","11.0","234","15.1","228","14.8","260","16.8","45.1","252","16.3","93","6.0","56","3.6","12","0.8","11","0.7","2157","31552","12431","25960","19531","369","23.9","278","31.5","127","35.1","100.0","159","51.5","139","57.4","64","66.0","1591","27.3","861","21.7","1009","128","17.0","728","38.9","541","38.3","249","33.4","46.8","1009","2350","46.8","918","42.6","583","100.0","300","51.5","2090","100.0","1477","54.9","70.7","365","17.5","11","0.5","160","7.7","35","1.7","42","2347","2.0","22.6","2119","100.0","435","20.5","477","22.5","441","20.8","54.8","97","4.6","369","17.4","300","14.2","312","14.7","248","11.7","2119","36","1.7","67","3.2","243","11.5","129","6.1","30","1.4","49.5","62","2.9","78","3.7","350","16.5","300","14.2","80","3.8","228","184","8.7","1459","68.9","474","22.4","169","8.0","17","0.8","5.3","2152","100.0","447","20.8","252","11.7","383","17.8","298","13.8","(X)","(X)","(X)","(X)","(X)","(X)","(X)","(X)","(X)","(X)","(X)","(X)","(X)","(X)","(X)","(X)","(X)","(X)","(X)","(X)","(X)","(X)","(X)","(X)","(X)","(X)","(X)","(X)","(X)","(X)","(X)","(X)","(X)","(X)","(X)","(X)","0500000US35023","Hidalgo County, New Mexico"
"40893","100.0","9.1","3400","17.2","3031","15.4","1038","5.3","609","3.1","108","0.5","16","178","0.9","29799","14919","75.7","39265","5898","29.9","11038","1155","0.0","5.9","6108","1207","6.1","2386","2645","13.4","17267","14796","100.0","18591","1690","11.4","1072","7.2","2254","15.2","2449","16.6","2814","19.0","45.5","2756","18.6","924","6.2","591","4.0","83","0.6","163","1.1","20670","34665","14184","32005","20922","2554","17.3","2036","24.1","950","30.1","100.0","1058","46.4","959","56.3","444","72.9","11317","21.1","6592","17.8","9448","978","14.9","4589","28.0","3221","26.4","2200","34.1","45.7","9448","22302","45.7","8397","40.6","4824","100.0","2140","44.4","19828","100.0","15626","54.5","78.8","2963","14.9","21","0.1","343","1.7","339","1.7","536","22286","2.7","18.7","20254","100.0","5077","25.1","3283","16.2","4670","23.1","54.5","331","1.6","3723","18.4","3170","15.7","4188","20.7","1268","6.3","20254","715","3.5","658","3.2","2418","11.9","1347","6.7","227","1.1","49.5","642","3.2","918","4.5","4173","20.6","1327","6.6","1343","6.6","2032","1030","5.1","15172","74.9","3323","16.4","1625","8.0","134","0.7","5.0","19720","100.0","3017","15.3","1925","9.8","3302","16.7","3112","15.8","(X)","(X)","(X)","(X)","(X)","(X)","(X)","(X)","(X)","(X)","(X)","(X)","(X)","(X)","(X)","(X)","(X)","(X)","(X)","(X)","(X)","(X)","(X)","(X)","(X)","(X)","(X)","(X)","(X)","(X)","(X)","(X)","(X)","(X)","(X)","(X)","0500000US35025","Lea County, New Mexico"
"15541","100.0","3.9","1441","17.6","1314","16.0","591","7.2","413","5.0","136","1.7","14","93","1.1","33886","6254","76.2","40048","2812","34.3","11402","302","0.1","3.7","5796","259","3.2","3061","1869","22.8","23098","5650","100.0","6639","348","6.2","367","6.5","854","15.1","830","14.7","1147","20.3","42.7","1043","18.5","506","9.0","351","6.2","130","2.3","74","1.3","8033","40035","19338","27323","19923","611","10.8","477","20.2","249","33.6","100.0","226","29.1","209","38.5","80","63.0","2855","14.9","1771","11.9","4142","296","8.7","1065","24.7","700","20.8","741","22.0","51.6","4142","8902","51.6","4000","49.8","1083","100.0","580","53.6","8337","100.0","6140","57.3","73.6","1296","15.5","13","0.2","298","3.6","77","0.9","513","8888","6.2","20.9","8539","100.0","2384","27.9","1670","19.6","2373","27.8","57.2","154","1.8","1179","13.8","779","9.1","382","4.5","1000","11.7","8539","218","2.6","161","1.9","1298","15.2","363","4.3","164","1.9","54.9","655","7.7","525","6.1","1423","16.7","1392","16.3","487","5.7","349","471","5.5","5622","65.8","1489","17.4","1335","15.6","93","1.1","2.2","8206","100.0","806","9.8","714","8.7","1467","17.9","1231","15.0","(X)","(X)","(X)","(X)","(X)","(X)","(X)","(X)","(X)","(X)","(X)","(X)","(X)","(X)","(X)","(X)","(X)","(X)","(X)","(X)","(X)","(X)","(X)","(X)","(X)","(X)","(X)","(X)","(X)","(X)","(X)","(X)","(X)","(X)","(X)","(X)","0500000US35027","Lincoln County, New Mexico"
"14191","100.0","2.0","822","11.0","1479","19.7","1409","18.8","1880","25.1","481","6.4","0","196","2.6","78993","6525","87.1","77309","1432","19.1","10135","90","0.0","1.2","6694","39","0.5","1190","1690","22.5","40282","5399","100.0","4336","72","1.3","39","0.7","167","3.1","165","3.1","480","8.9","30.6","1056","19.6","1130","20.9","1671","31.0","430","8.0","189","3.5","7067","90032","34646","70063","40246","101","1.9","52","2.0","12","1.5","100.0","40","10.3","28","9.8","12","23.5","534","2.9","424","3.1","4160","105","4.7","84","1.8","70","1.9","300","11.9","58.9","4160","9855","58.9","4069","57.6","1347","100.0","700","52.0","9476","100.0","7731","69.4","81.6","881","9.3","23","0.2","249","2.6","215","2.3","377","9855","4.0","15.2","9656","100.0","6606","68.4","887","9.2","1426","14.8","69.4","5","0.1","403","4.2","329","3.4","8","0.1","288","3.0","9656","109","1.1","129","1.3","398","4.1","78","0.8","201","2.1","68.0","326","3.4","1584","16.4","1686","17.5","491","5.1","242","2.5","199","4116","42.6","3423","35.4","5674","58.8","539","5.6","20","0.2","1.4","7495","100.0","262","3.5","134","1.8","403","5.4","429","5.7","(X)","(X)","(X)","(X)","(X)","(X)","(X)","(X)","(X)","(X)","(X)","(X)","(X)","(X)","(X)","(X)","(X)","(X)","(X)","(X)","(X)","(X)","(X)","(X)","(X)","(X)","(X)","(X)","(X)","(X)","(X)","(X)","(X)","(X)","(X)","(X)","0500000US35028","Los Alamos County, New Mexico"
"18423","100.0","17.1","1205","12.8","1003","10.7","287","3.1","102","1.1","52","0.6","0","52","0.6","20784","6095","64.9","28366","3791","40.4","9973","702","0.0","7.5","5897","699","7.4","3337","1861","19.8","16044","6611","100.0","9790","1039","15.7","817","12.4","1533","23.2","967","14.6","1007","15.2","53.1","817","12.4","270","4.1","74","1.1","44","0.7","43","0.7","9592","24252","11218","25008","16883","1797","27.2","1432","39.9","807","53.0","100.0","659","53.1","617","63.9","367","78.8","8129","32.9","4628","26.7","4034","704","15.8","3451","46.8","2448","44.5","1281","36.1","42.1","4034","8633","42.1","3287","34.3","2190","100.0","1226","56.0","6982","100.0","5155","46.9","73.8","1340","19.2","7","0.1","197","2.8","91","1.3","192","8633","2.7","17.9","7161","100.0","1629","22.7","1681","23.5","1494","20.9","46.9","221","3.1","988","13.8","1148","16.0","494","6.9","742","10.4","7161","542","7.6","177","2.5","779","10.9","381","5.3","75","1.0","38.9","305","4.3","307","4.3","1534","21.4","738","10.3","421","5.9","1472","666","9.3","4736","66.1","1761","24.6","603","8.4","61","0.9","8.0","9387","100.0","1997","21.3","1295","13.8","2183","23.3","1211","12.9","(X)","(X)","(X)","(X)","(X)","(X)","(X)","(X)","(X)","(X)","(X)","(X)","(X)","(X)","(X)","(X)","(X)","(X)","(X)","(X)","(X)","(X)","(X)","(X)","(X)","(X)","(X)","(X)","(X)","(X)","(X)","(X)","(X)","(X)","(X)","(X)","0500000US35029","Luna County, New Mexico"
"49620","100.0","17.2","3181","14.8","2756","12.9","1092","5.1","483","2.3","133","0.6","11","159","0.7","25005","16725","78.0","36722","3947","18.4","7997","2113","0.0","9.9","5626","2126","9.9","3379","2169","10.1","11598","16615","100.0","23122","3084","18.6","1935","11.6","2918","17.6","2164","13.0","2587","15.6","46.6","2380","14.3","875","5.3","403","2.4","135","0.8","134","0.8","26175","26806","9872","26963","21014","5303","31.9","4268","36.7","2159","41.4","100.0","2151","44.6","1734","48.8","856","55.9","26664","36.1","14695","32.1","13072","1546","31.5","11846","42.3","8913","42.2","3181","42.2","49.9","13072","26498","49.9","11257","43.0","7629","100.0","4182","54.8","21427","100.0","13510","53.4","63.1","4814","22.5","154","0.7","1248","5.8","466","2.2","1235","26487","5.8","24.2","21940","100.0","7112","32.4","3640","16.6","5437","24.8","53.4","150","0.7","2631","12.0","2970","13.5","494","2.3","1628","7.4","21940","1353","6.2","716","3.3","2979","13.6","947","4.3","235","1.1","44.2","762","3.5","798","3.6","7111","32.4","1805","8.2","1035","4.7","4547","2077","9.5","12274","55.9","8169","37.2","1411","6.4","86","0.4","9.2","21441","100.0","4720","22.0","2517","11.7","3482","16.2","2918","13.6","(X)","(X)","(X)","(X)","(X)","(X)","(X)","(X)","(X)","(X)","(X)","(X)","(X)","(X)","(X)","(X)","(X)","(X)","(X)","(X)","(X)","(X)","(X)","(X)","(X)","(X)","(X)","(X)","(X)","(X)","(X)","(X)","(X)","(X)","(X)","(X)","0500000US35031","McKinley County, New Mexico"
"3967","100.0","13.2","296","14.7","228","11.3","79","3.9","48","2.4","23","1.1","9","4","0.2","24518","1344","66.7","31739","744","36.9","10076","257","0.2","12.8","5625","150","7.4","2895","320","15.9","17568","1401","100.0","2016","198","14.1","143","10.2","254","18.1","236","16.8","257","18.3","50.8","183","13.1","68","4.9","38","2.7","20","1.4","4","0.3","1984","27648","12340","24483","18000","293","20.9","187","27.5","68","29.6","100.0","106","39.1","88","44.0","34","42.0","1305","25.4","921","24.3","923","163","18.4","340","25.9","251","25.4","424","47.8","46.5","923","1951","46.5","788","39.7","384","100.0","265","69.0","1675","100.0","1030","49.2","61.5","391","23.3","14","0.8","122","7.3","47","2.8","71","1942","4.2","35.1","1686","100.0","476","28.2","379","22.5","305","18.1","49.0","109","6.5","284","16.8","133","7.9","218","12.9","173","10.3","1686","39","2.3","17","1.0","118","7.0","107","6.3","27","1.6","42.5","49","2.9","64","3.8","475","28.2","198","11.7","59","3.5","256","142","8.4","850","50.4","611","36.2","171","10.1","54","3.2","6.5","2015","100.0","433","21.5","253","12.6","335","16.6","316","15.7","(X)","(X)","(X)","(X)","(X)","(X)","(X)","(X)","(X)","(X)","(X)","(X)","(X)","(X)","(X)","(X)","(X)","(X)","(X)","(X)","(X)","(X)","(X)","(X)","(X)","(X)","(X)","(X)","(X)","(X)","(X)","(X)","(X)","(X)","(X)","(X)","0500000US35033","Mora County, New Mexico"
"45925","100.0","8.1","4263","18.5","3688","16.0","1255","5.5","615","2.7","65","0.3","3599","84","0.4","30861","17731","77.1","36093","6013","26.2","9705","963","7.8","4.2","5826","1016","4.4","2307","5245","22.8","16713","16979","100.0","18447","1572","9.3","1259","7.4","2754","16.2","2956","17.4","3540","20.8","40.2","3096","18.2","1112","6.5","556","3.3","61","0.4","73","0.4","23455","34781","14345","27657","18470","2644","15.6","2112","22.7","976","26.8","100.0","1176","44.3","1076","52.9","480","62.9","11737","19.3","6587","15.4","11903","895","12.8","5018","27.9","3788","27.8","2143","26.8","50.7","11244","27478","47.9","10216","43.6","5041","100.0","2560","50.8","24896","100.0","18503","59.8","74.3","4322","17.4","73","0.3","680","2.7","523","2.1","795","23879","3.2","20.9","21934","100.0","6212","28.3","4117","18.8","4906","22.4","52.0","249","1.1","3577","16.3","2873","13.1","682","3.1","2046","9.3","21934","1628","7.4","259","1.2","2796","12.7","1214","5.5","245","1.1","47.8","1043","4.8","1426","6.5","4410","20.1","2183","10.0","1314","6.0","1945","2688","12.3","13331","60.8","6429","29.3","2062","9.4","112","0.5","4.2","22984","100.0","2975","12.9","1918","8.3","4093","17.8","4028","17.5","(X)","(X)","(X)","(X)","(X)","(X)","(X)","(X)","(X)","(X)","(X)","(X)","(X)","(X)","(X)","(X)","(X)","(X)","(X)","(X)","(X)","(X)","(X)","(X)","(X)","(X)","(X)","(X)","(X)","(X)","(X)","(X)","(X)","(X)","(X)","(X)","0500000US35035","Otero County, New Mexico"
"8005","100.0","5.2","590","14.0","536","12.7","224","5.3","65","1.5","21","0.5","10","40","1.0","24894","2920","69.4","35152","1677","39.9","10303","328","0.1","7.8","5006","178","4.2","2921","732","17.4","15126","2861","100.0","3727","283","9.9","300","10.5","622","21.7","389","13.6","504","17.6","46.6","458","16.0","205","7.2","49","1.7","11","0.4","40","1.4","4241","30362","14938","24801","17500","448","15.7","294","22.5","83","22.1","100.0","164","33.5","140","45.0","27","42.9","2073","20.9","1421","19.1","2070","296","15.8","626","25.5","484","25.3","639","38.6","48.8","2060","4278","48.6","1935","45.6","623","100.0","339","54.4","3996","100.0","2898","53.4","72.5","707","17.7","8","0.2","146","3.7","23","0.6","214","4268","5.4","15.1","4044","100.0","1202","29.7","755","18.7","1066","26.4","53.3","121","3.0","540","13.4","360","8.9","473","11.7","284","7.0","4044","69","1.7","58","1.4","679","16.8","266","6.6","82","2.0","50.5","132","3.3","103","2.5","901","22.3","467","11.5","236","5.8","224","294","7.3","2346","58.0","980","24.2","662","16.4","56","1.4","2.8","4208","100.0","829","19.7","502","11.9","781","18.6","620","14.7","(X)","(X)","(X)","(X)","(X)","(X)","(X)","(X)","(X)","(X)","(X)","(X)","(X)","(X)","(X)","(X)","(X)","(X)","(X)","(X)","(X)","(X)","(X)","(X)","(X)","(X)","(X)","(X)","(X)","(X)","(X)","(X)","(X)","(X)","(X)","(X)","0500000US35037","Quay County, New Mexico"
"30735","100.0","8.2","2433","16.2","2329","15.5","878","5.8","501","3.3","89","0.6","11","89","0.6","29429","11487","76.5","38690","4121","27.4","9089","1160","0.0","7.7","5742","532","3.5","2840","2580","17.2","16578","10818","100.0","12674","1113","10.3","874","8.1","1982","18.3","1712","15.8","1875","17.3","41.2","1952","18.0","733","6.8","440","4.1","81","0.7","56","0.5","15522","32901","14263","26897","22223","1793","16.6","1256","20.3","540","24.3","100.0","705","31.4","608","38.9","217","42.0","8303","20.3","5571","19.1","8668","999","22.9","2709","23.3","2018","22.7","2221","35.6","55.8","8668","18061","55.8","8123","52.3","3240","100.0","2031","62.7","16239","100.0","11350","58.8","69.9","3263","20.1","56","0.3","589","3.6","234","1.4","747","18050","4.6","28.1","16563","100.0","4959","29.9","3495","21.1","4087","24.7","58.7","251","1.5","2213","13.4","1558","9.4","693","4.2","1739","10.5","16563","619","3.7","301","1.8","1547","9.3","621","3.7","192","1.2","53.9","615","3.7","1295","7.8","3463","20.9","1915","11.6","848","5.1","1487","2715","16.4","9176","55.4","6126","37.0","1201","7.3","60","0.4","4.8","15015","100.0","2399","16.0","1355","9.0","2622","17.5","2320","15.5","(X)","(X)","(X)","(X)","(X)","(X)","(X)","(X)","(X)","(X)","(X)","(X)","(X)","(X)","(X)","(X)","(X)","(X)","(X)","(X)","(X)","(X)","(X)","(X)","(X)","(X)","(X)","(X)","(X)","(X)","(X)","(X)","(X)","(X)","(X)","(X)","0500000US35039","Rio Arriba County, New Mexico"
"13526","100.0","8.0","1056","15.9","879","13.3","280","4.2","175","2.6","28","0.4","158","80","1.2","26586","5138","77.5","36496","1823","27.5","10283","341","1.2","5.1","6228","277","4.2","2876","1010","15.2","18815","4554","100.0","5271","479","10.5","396","8.7","791","17.4","806","17.7","855","18.8","39.0","730","16.0","266","5.8","137","3.0","28","0.6","66","1.4","7029","31813","14185","26170","20684","786","17.3","564","22.1","259","23.3","100.0","297","43.4","285","54.0","142","57.0","3928","22.7","2667","21.7","3778","360","16.8","1239","25.1","929","25.8","1247","44.1","53.7","3757","8255","53.4","3421","48.7","1563","100.0","829","53.0","7496","100.0","5770","61.0","77.0","1002","13.4","9","0.1","288","3.8","115","1.5","312","8097","4.2","16.7","7450","100.0","2575","34.6","1068","14.3","1761","23.6","59.9","405","5.4","681","9.1","960","12.9","842","11.3","414","5.6","7450","366","4.9","144","1.9","950","12.8","358","4.8","263","3.5","55.1","351","4.7","246","3.3","2263","30.4","448","6.0","335","4.5","647","470","6.3","4550","61.1","2036","27.3","827","11.1","37","0.5","4.8","6630","100.0","1280","19.3","705","10.6","1127","17.0","1020","15.4","(X)","(X)","(X)","(X)","(X)","(X)","(X)","(X)","(X)","(X)","(X)","(X)","(X)","(X)","(X)","(X)","(X)","(X)","(X)","(X)","(X)","(X)","(X)","(X)","(X)","(X)","(X)","(X)","(X)","(X)","(X)","(X)","(X)","(X)","(X)","(X)","0500000US35041","Roosevelt County, New Mexico"
"66064","100.0","6.2","6441","20.5","7161","22.8","3400","10.8","1959","6.2","425","1.4","161","518","1.6","44949","25758","82.0","53140","7248","23.1","11184","1298","0.2","4.1","6163","1212","3.9","3139","6241","19.9","18238","23724","100.0","24465","1261","5.3","905","3.8","2486","10.5","2617","11.0","4905","20.7","37.0","6055","25.5","2980","12.6","1674","7.1","401","1.7","440","1.9","34575","48984","19174","36791","26565","2130","9.0","1676","12.4","831","15.8","100.0","941","25.2","819","30.5","388","42.1","10847","12.1","6683","10.6","19605","853","9.2","4103","15.6","2962","14.9","2376","20.9","56.7","19584","41599","56.6","18270","52.8","7580","100.0","4121","54.4","38371","100.0","30654","63.0","79.9","4801","12.5","173","0.5","554","1.4","531","1.4","1658","41438","4.3","28.1","38870","100.0","13992","36.0","5746","14.8","10792","27.8","62.7","98","0.3","4054","10.4","4188","10.8","323","0.8","3183","8.2","38870","5107","13.1","1149","3.0","4791","12.3","1841","4.7","1272","3.3","58.8","2266","5.8","4032","10.4","6755","17.4","3489","9.0","1789","4.6","2568","2873","7.4","28601","73.6","7458","19.2","2740","7.0","71","0.2","3.9","31412","100.0","2355","7.5","1494","4.8","3741","11.9","3918","12.5","(X)","(X)","(X)","(X)","(X)","(X)","(X)","(X)","(X)","(X)","(X)","(X)","(X)","(X)","(X)","(X)","(X)","(X)","(X)","(X)","(X)","(X)","(X)","(X)","(X)","(X)","(X)","(X)","(X)","(X)","(X)","(X)","(X)","(X)","(X)","(X)","0500000US35043","Sandoval County, New Mexico"
"81251","100.0","9.1","6636","17.6","6555","17.4","3064","8.1","1470","3.9","282","0.7","15","305","0.8","33762","30742","81.5","43060","8506","22.5","10781","2088","0.0","5.5","5694","1608","4.3","2660","5130","13.6","15136","29188","100.0","32251","2849","9.8","2235","7.7","4277","14.7","4202","14.4","5255","18.0","39.7","5696","19.5","2831","9.7","1323","4.5","232","0.8","288","1.0","41506","37382","14282","35066","21299","5251","18.0","4121","23.1","2043","28.5","100.0","2313","42.8","1937","47.8","965","62.5","24196","21.5","14310","18.9","21981","1799","18.2","9677","26.6","7035","25.6","4198","33.7","53.0","21975","49000","52.9","20001","48.2","10270","100.0","5466","53.2","43667","100.0","34364","60.3","78.7","6544","15.0","63","0.1","811","1.9","589","1.3","1296","48985","3.0","23.8","44541","100.0","11241","25.2","7394","16.6","11427","25.7","60.3","309","0.7","7708","17.3","6462","14.5","4832","10.8","3934","8.8","44541","1766","4.0","1621","3.6","5860","13.2","3682","8.3","632","1.4","54.8","2039","4.6","2340","5.3","9199","20.7","4019","9.0","2245","5.0","4444","2372","5.3","32642","73.3","8939","20.1","2763","6.2","197","0.4","5.5","37740","100.0","5034","13.3","3156","8.4","5922","15.7","5316","14.1","(X)","(X)","(X)","(X)","(X)","(X)","(X)","(X)","(X)","(X)","(X)","(X)","(X)","(X)","(X)","(X)","(X)","(X)","(X)","(X)","(X)","(X)","(X)","(X)","(X)","(X)","(X)","(X)","(X)","(X)","(X)","(X)","(X)","(X)","(X)","(X)","0500000US35045","San Juan County, New Mexico"
"22856","100.0","8.7","1725","15.5","1500","13.5","498","4.5","305","2.7","54","0.5","7","70","0.6","26524","8320","74.7","34070","3094","27.8","9503","1013","0.0","9.1","5848","893","8.0","3276","2008","18.0","15001","7560","100.0","10388","980","13.0","527","7.0","1557","20.6","1149","15.2","1329","17.6","45.4","1245","16.5","431","5.7","256","3.4","45","0.6","41","0.5","11709","31250","13268","27307","22588","1506","19.9","1114","25.4","540","31.8","100.0","675","34.6","569","43.4","272","53.0","7110","24.4","4864","23.0","5958","891","25.9","2221","27.8","1590","26.3","2335","41.6","50.9","5958","12468","50.9","5478","46.8","2190","100.0","1305","59.6","11113","100.0","7929","54.6","71.3","2201","19.8","31","0.3","418","3.8","142","1.3","392","12461","3.5","23.6","11372","100.0","3873","34.1","2456","21.6","2874","25.3","54.5","91","0.8","1267","11.1","811","7.1","323","2.8","996","8.8","11372","241","2.1","185","1.6","1490","13.1","379","3.3","144","1.3","49.8","458","4.0","690","6.1","3771","33.2","998","8.8","522","4.6","1089","1175","10.3","6009","52.8","4076","35.8","1218","10.7","69","0.6","4.8","11133","100.0","2116","19.0","959","8.6","2208","19.8","1698","15.3","(X)","(X)","(X)","(X)","(X)","(X)","(X)","(X)","(X)","(X)","(X)","(X)","(X)","(X)","(X)","(X)","(X)","(X)","(X)","(X)","(X)","(X)","(X)","(X)","(X)","(X)","(X)","(X)","(X)","(X)","(X)","(X)","(X)","(X)","(X)","(X)","0500000US35047","San Miguel County, New Mexico"
"101952","100.0","4.7","8863","16.9","9672","18.4","5771","11.0","4116","7.8","1368","2.6","101","1340","2.6","42207","43449","82.8","51906","11712","22.3","10940","1637","0.1","3.1","6015","1374","2.6","3084","8879","16.9","21978","33000","100.0","33716","1996","6.0","1619","4.9","3647","11.1","3967","12.0","5271","16.0","33.1","6680","20.2","4386","13.3","3342","10.1","1111","3.4","981","3.0","52856","50000","23594","33287","27780","3115","9.4","2339","13.4","1173","18.8","100.0","1350","23.3","1197","28.8","578","46.3","15241","12.0","10451","10.8","32491","1316","9.7","4632","15.2","3275","14.3","5202","18.9","61.5","32471","68236","61.4","30928","58.5","8776","100.0","5366","61.1","63653","100.0","45449","66.9","71.4","10111","15.9","562","0.9","1974","3.1","870","1.4","4687","68135","7.4","22.1","64930","100.0","27070","41.7","10654","16.4","16565","25.5","66.8","161","0.2","6306","9.7","4174","6.4","605","0.9","5694","8.8","64930","2456","3.8","1195","1.8","7717","11.9","1469","2.3","1836","2.8","63.7","3972","6.1","7732","11.9","12080","18.6","8230","12.7","3545","5.5","3205","8399","12.9","41158","63.4","15203","23.4","8272","12.7","297","0.5","3.1","52481","100.0","4787","9.1","3157","6.0","6573","12.5","6834","13.0","(X)","(X)","(X)","(X)","(X)","(X)","(X)","(X)","(X)","(X)","(X)","(X)","(X)","(X)","(X)","(X)","(X)","(X)","(X)","(X)","(X)","(X)","(X)","(X)","(X)","(X)","(X)","(X)","(X)","(X)","(X)","(X)","(X)","(X)","(X)","(X)","0500000US35049","Santa Fe County, New Mexico"
"10983","100.0","6.6","970","15.9","621","10.2","196","3.2","126","2.1","24","0.4","7","40","0.7","24152","3482","57.1","32418","2879","47.2","10324","405","0.1","6.6","6291","308","5.0","1838","1564","25.6","13799","3605","100.0","6192","352","9.8","318","8.8","715","19.8","711","19.7","701","19.4","56.4","490","13.6","165","4.6","113","3.1","16","0.4","24","0.7","5555","29787","15023","24570","19839","499","13.8","343","25.0","182","35.6","100.0","199","39.3","172","55.1","92","73.6","2706","20.9","1879","18.1","2297","517","14.7","810","31.5","608","30.6","992","32.6","41.4","2297","4791","41.4","2157","38.8","644","100.0","377","58.5","4362","100.0","2967","43.6","68.0","765","17.5","0","0.0","242","5.5","102","2.3","286","4784","6.6","20.1","4470","100.0","1198","26.8","1014","22.7","969","21.7","43.6","142","3.2","728","16.3","419","9.4","372","8.3","534","11.9","4470","106","2.4","96","2.1","500","11.2","178","4.0","62","1.4","40.7","197","4.4","216","4.8","949","21.2","658","14.7","288","6.4","314","314","7.0","2664","59.6","1083","24.2","671","15.0","52","1.2","2.9","6103","100.0","1222","20.0","710","11.6","1205","19.7","989","16.2","(X)","(X)","(X)","(X)","(X)","(X)","(X)","(X)","(X)","(X)","(X)","(X)","(X)","(X)","(X)","(X)","(X)","(X)","(X)","(X)","(X)","(X)","(X)","(X)","(X)","(X)","(X)","(X)","(X)","(X)","(X)","(X)","(X)","(X)","(X)","(X)","0500000US35051","Sierra County, New Mexico"
"13565","100.0","9.1","978","14.6","723","10.8","437","6.5","203","3.0","71","1.1","7","25","0.4","23439","5003","74.8","35439","1690","25.3","9303","466","0.1","7.0","5761","603","9.0","3052","1004","15.0","13361","4562","100.0","5720","703","15.4","436","9.6","846","18.5","535","11.7","737","16.2","42.2","639","14.0","405","8.9","181","4.0","55","1.2","25","0.5","6698","29544","12826","28490","22482","1098","24.1","919","35.3","497","50.8","100.0","536","56.1","501","63.7","276","81.4","5539","31.7","3326","26.7","3400","472","24.3","2178","43.6","1528","40.4","1369","45.6","50.8","3400","7845","50.8","3072","45.9","1426","100.0","766","53.7","7002","100.0","4794","57.8","68.5","1024","14.6","42","0.6","582","8.3","272","3.9","288","7838","4.1","20.9","7127","100.0","2606","36.6","1270","17.8","1431","20.1","57.8","197","2.8","998","14.0","625","8.8","450","6.3","575","8.1","7127","392","5.5","60","0.8","665","9.3","281","3.9","101","1.4","52.5","192","2.7","662","9.3","2202","30.9","635","8.9","298","4.2","711","614","8.6","3924","55.1","2497","35.0","675","9.5","31","0.4","5.2","6690","100.0","1500","22.4","723","10.8","1285","19.2","745","11.1","(X)","(X)","(X)","(X)","(X)","(X)","(X)","(X)","(X)","(X)","(X)","(X)","(X)","(X)","(X)","(X)","(X)","(X)","(X)","(X)","(X)","(X)","(X)","(X)","(X)","(X)","(X)","(X)","(X)","(X)","(X)","(X)","(X)","(X)","(X)","(X)","0500000US35053","Socorro County, New Mexico"
"23536","100.0","8.9","2126","16.7","1624","12.8","560","4.4","322","2.5","166","1.3","28","161","1.3","26762","9946","78.3","34432","3364","26.5","9185","667","0.1","5.3","5555","477","3.8","2100","1839","14.5","14751","7812","100.0","8621","768","9.8","780","10.0","1381","17.7","1098","14.1","1552","19.9","36.6","1205","15.4","479","6.1","283","3.6","150","1.9","116","1.5","12175","33995","16103","27310","21121","1254","16.1","903","21.2","379","27.8","100.0","539","33.0","445","41.1","174","47.0","6232","20.9","4408","19.6","7142","735","20.8","1780","24.6","1280","22.9","2305","35.4","58.7","7141","14915","58.7","6737","55.3","1886","100.0","1264","67.0","13164","100.0","9438","63.4","71.7","1953","14.8","17","0.1","599","4.6","234","1.8","923","14887","7.0","21.5","13556","100.0","4273","31.5","3040","22.4","3373","24.9","63.3","159","1.2","1739","12.8","972","7.2","593","4.4","1367","10.1","13556","435","3.2","222","1.6","1732","12.8","413","3.0","198","1.5","57.6","729","5.4","933","6.9","2753","20.3","2595","19.1","702","5.2","1331","884","6.5","8877","65.5","2602","19.2","1998","14.7","79","0.6","5.7","12701","100.0","2356","18.5","1382","10.9","2253","17.7","1751","13.8","(X)","(X)","(X)","(X)","(X)","(X)","(X)","(X)","(X)","(X)","(X)","(X)","(X)","(X)","(X)","(X)","(X)","(X)","(X)","(X)","(X)","(X)","(X)","(X)","(X)","(X)","(X)","(X)","(X)","(X)","(X)","(X)","(X)","(X)","(X)","(X)","0500000US35055","Taos County, New Mexico"
"12351","100.0","6.0","1160","19.1","914","15.1","300","4.9","163","2.7","36","0.6","8","47","0.8","30446","4815","79.4","37517","1726","28.4","10136","355","0.1","5.9","6773","375","6.2","2945","1040","17.1","18637","4430","100.0","5122","432","9.8","281","6.3","759","17.1","784","17.7","916","20.7","41.5","774","17.5","255","5.8","148","3.3","36","0.8","45","1.0","5995","34461","14134","29403","21833","673","15.2","537","21.6","264","29.2","100.0","305","40.9","272","53.2","124","61.7","3106","19.0","1854","16.5","3190","204","12.0","1238","24.5","885","22.8","718","32.0","53.2","3184","7229","53.1","2980","49.7","1355","100.0","628","46.3","6652","100.0","4648","58.5","69.9","1351","20.3","20","0.3","243","3.7","58","0.9","332","7221","5.0","36.3","6786","100.0","2056","30.3","1172","17.3","1463","21.6","58.5","113","1.7","1015","15.0","967","14.2","391","5.8","783","11.5","6786","425","6.3","191","2.8","945","13.9","538","7.9","141","2.1","54.9","233","3.4","552","8.1","1224","18.0","486","7.2","343","5.1","435","534","7.9","4423","65.2","1455","21.4","848","12.5","60","0.9","3.5","6067","100.0","835","13.8","557","9.2","1074","17.7","981","16.2","(X)","(X)","(X)","(X)","(X)","(X)","(X)","(X)","(X)","(X)","(X)","(X)","(X)","(X)","(X)","(X)","(X)","(X)","(X)","(X)","(X)","(X)","(X)","(X)","(X)","(X)","(X)","(X)","(X)","(X)","(X)","(X)","(X)","(X)","(X)","(X)","0500000US35057","Torrance County, New Mexico"
"3161","100.0","1.9","301","17.4","248","14.4","95","5.5","31","1.8","12","0.7","6","5","0.3","28080","1311","75.9","34193","567","32.8","9732","119","0.2","6.9","8151","66","3.8","1585","268","15.5","10657","1174","100.0","1225","88","7.5","131","11.2","200","17.0","163","13.9","233","19.8","38.8","226","19.3","91","7.8","25","2.1","12","1.0","5","0.4","1605","35313","14700","26364","18711","167","14.2","138","24.1","64","29.0","100.0","81","52.3","81","67.5","25","75.8","753","18.1","393","13.0","836","62","8.3","357","31.4","274","30.0","134","20.6","52.1","836","1936","52.1","824","51.3","282","100.0","152","53.9","1875","100.0","1375","61.2","73.3","245","13.1","0","0.0","65","3.5","29","1.5","161","1930","8.6","20.0","1894","100.0","612","32.3","308","16.3","395","20.9","61.1","189","10.0","182","9.6","208","11.0","486","25.7","126","6.7","1894","43","2.3","36","1.9","231","12.2","147","7.8","35","1.8","59.9","34","1.8","35","1.8","378","20.0","163","8.6","65","3.4","36","115","6.1","1110","58.6","435","23.0","331","17.5","18","1.0","1.1","1728","100.0","208","12.0","219","12.7","347","20.1","262","15.2","(X)","(X)","(X)","(X)","(X)","(X)","(X)","(X)","(X)","(X)","(X)","(X)","(X)","(X)","(X)","(X)","(X)","(X)","(X)","(X)","(X)","(X)","(X)","(X)","(X)","(X)","(X)","(X)","(X)","(X)","(X)","(X)","(X)","(X)","(X)","(X)","0500000US35059","Union County, New Mexico"
"48376","100.0","6.3","4323","19.0","3895","17.1","1864","8.2","730","3.2","174","0.8","130","127","0.6","34099","18209","80.2","41466","5809","25.6","10763","1210","0.3","5.3","5747","1066","4.7","2684","4051","17.8","14993","17358","100.0","19355","1289","7.4","1174","6.8","2716","15.6","2847","16.4","3452","19.9","40.0","3409","19.6","1555","9.0","681","3.9","132","0.8","103","0.6","24283","37157","14747","30339","23132","2348","13.5","1840","18.7","872","23.3","100.0","932","32.0","825","38.9","309","45.4","10806","16.8","6333","14.0","13184","718","10.8","4285","22.3","3013","21.1","2262","27.2","54.3","13163","29021","54.2","12319","50.7","5718","100.0","3118","54.5","26696","100.0","20630","60.0","77.3","4382","16.4","47","0.2","361","1.4","238","0.9","1038","28891","3.9","30.7","27063","100.0","7278","26.9","4690","17.3","6963","25.7","59.7","157","0.6","3882","14.3","4093","15.1","329","1.2","2798","10.3","27063","2306","8.5","920","3.4","3452","12.8","2097","7.7","341","1.3","55.9","1318","4.9","2338","8.6","5576","20.6","2019","7.5","1515","5.6","1828","2054","7.6","19437","71.8","5657","20.9","1856","6.9","113","0.4","3.8","22714","100.0","2224","9.8","1981","8.7","3859","17.0","3537","15.6","(X)","(X)","(X)","(X)","(X)","(X)","(X)","(X)","(X)","(X)","(X)","(X)","(X)","(X)","(X)","(X)","(X)","(X)","(X)","(X)","(X)","(X)","(X)","(X)","(X)","(X)","(X)","(X)","(X)","(X)","(X)","(X)","(X)","(X)","(X)","(X)","0500000US35061","Valencia County, New Mexico"
